{
"assets":[
    {
        "code": "CMRO1592",
        "type": "S",
        "label": "Apple",
        "quartDiv": "3.82",
        "BRR": "0.083",
        "betaMeasure": "0.22",
        "stockSymbol": "AAPL",
        "sharePrice": "128.75",
        
    },
    {
        "code": "BR8427AP",
        "type": "S",
        "label": "Cisco Systems Inc",
        "quartDiv": "5.65",
        "BRR": "0.079",
        "betaMeasure": "0.31",
        "stockSymbol": "CSCO",
        "sharePrice": "31.18",
        
    },
    {
        "code": "GH59T5U3",
        "type": "S",
        "label": "Intel Corp",
        "quartDiv": "1.27",
        "BRR": "0.15",
        "betaMeasure": "1.23",
        "stockSymbol": "INTC",
        "sharePrice": "36.68",
        
    },
    {
        "code": "TY50QW29",
        "type": "S",
        "label": "Micron Technology Inc",
        "quartDiv": "7.50",
        "BRR": "0.22",
        "betaMeasure": "-0.77",
        "stockSymbol": "MU",
        "sharePrice": "24.79",
        
    },
    {
      "code": "03I4JTWJ,
      "type": "D",
      "label": "CD",
      "apr": "2.60", 
    },
    {
      "code": "2LK45J5L",
      "type": "D",
      "label": "401K",
      "apr": "5.00", 
    },
  {
      "code": "U54USDLJ,
      "type": "D",
      "label": "RothIRA",
      "apr": "8.00", 
    },
    {
      "code": "12ASLDK5",
      "type": "P" ,
      "label": "Fells Wargo Building",
      "quartDiv": "32.00",
      "baseRateOfReturn": "24.24",
      "omegaMeasure": "0.11",
      "value": "1377522.93",  
    },
    {
      "code": "2134J3LE",
      "type": "P" ,
      "label": "Carlyle Offices",
      "quartDiv": "16.87",
      "baseRateOfReturn": "32.12",
      "omegaMeasure": "0.37",
      "value": "5955125.67",  
    },
    {
      "code": "23LK4LK2",
      "type": "P" ,
      "label": "United West Corporation",
      "quartDiv": "17.38",
      "baseRateOfReturn": "4.20",
      "omegaMeasure": "0.69",
      "value": "525600.32",  
    },
    {
        "code": "JFK12342",
        "type": "S",
        "label": "Spreetail",
        "quartDiv": "5.40",
        "BRR": "0.342",
        "betaMeasure": "0.33",
        "stockSymbol": "SPRTL"
        "sharePrice": "300.00",
        
    },
    {
      "code": "EIEIO12",
      "type": "P" ,
      "label": "Old McDonald Farm",
      "quartDiv": "15.00",
      "baseRateOfReturn": "23.24",
      "omegaMeasure": "0.12",
      "value": "100600.38",  
    },
    {
      "code": "JPII22",
      "type": "D",
      "label": "Gerber",
      "apr": "2.16", 
    },
    {
      "code": "NLU123",
      "type": "D",
      "label": "College Savings",
      "apr": "3.50", 
    },
    {
      "code": "DC2EF13",
      "type": "P" ,
      "label": "Seattle Grace",
      "quartDiv": "19.98",
      "baseRateOfReturn": "3.04",
      "omegaMeasure": "0.5",
      "value": "421234.34",  
    },
    {
      "code": "F324JWJ",
      "type": "D",
      "label": "Life Savings",
      "apr": "1.60", 
    },
    {
      "code": "JLKOP13",
      "type": "P" ,
      "label": "Doofenshmirtz Inc",
      "quartDiv": "20.98",
      "baseRateOfReturn": "4.04",
      "omegaMeasure": "0.16",
      "value": "421254.04",  
    },
    {
      "code": "SPR342",
      "type": "P" ,
      "label": "Chum Bucket",
      "quartDiv": "20.98",
      "baseRateOfReturn": "3.44",
      "omegaMeasure": "0.75",
      "value": "250341.14",  
    },
    {
        "code": "CH1LL0",
        "type": "S",
        "label": "Netflix Inc",
        "quartDiv": "2.34",
        "BRR": "0.098",
        "betaMeasure": "0.23",
        "stockSymbol": "NFLX"
        "sharePrice": "139.20",
        
    },
    {
        "code": "4L23JRI",
        "type": "S",
        "label": "Facebook Inc",
        "quartDiv": "1.50",
        "BRR": "0.046",
        "betaMeasure": "0.88",
        "stockSymbol": "FB"
        "sharePrice": "130.84",
        
    },
]
}